region,date,lwe_cm
Souss-Massa (my region),2002-04-18,0.285
Souss-Massa (my region),2002-05-10,-2.13
Souss-Massa (my region),2002-08-16,-0.942
Souss-Massa (my region),2002-09-16,0.691
Souss-Massa (my region),2002-10-16,-0.952
Souss-Massa (my region),2002-11-16,1.05
Souss-Massa (my region),2002-12-16,0.447
Souss-Massa (my region),2003-01-16,0.299
Souss-Massa (my region),2003-02-15,0.544
Souss-Massa (my region),2003-03-16,1.391
Souss-Massa (my region),2003-04-16,-0.916
Souss-Massa (my region),2003-05-11,-2.112
Souss-Massa (my region),2003-07-16,-1.059
Souss-Massa (my region),2003-08-16,-0.721
Souss-Massa (my region),2003-09-16,-0.628
Souss-Massa (my region),2003-10-16,0.135
Souss-Massa (my region),2003-11-16,-1.027
Souss-Massa (my region),2003-12-16,2.019
Souss-Massa (my region),2004-01-07,1.041
Souss-Massa (my region),2004-02-17,0.349
Souss-Massa (my region),2004-03-16,-0.432
Souss-Massa (my region),2004-04-16,0.468
Souss-Massa (my region),2004-05-16,-0.354
Souss-Massa (my region),2004-06-16,-1.319
Souss-Massa (my region),2004-07-16,1.251
Souss-Massa (my region),2004-08-16,-0.58
Souss-Massa (my region),2004-09-16,-1.854
Souss-Massa (my region),2004-10-16,-3.723
Souss-Massa (my region),2004-11-16,-0.9
Souss-Massa (my region),2004-12-16,0.792
Souss-Massa (my region),2005-01-16,0.566
Souss-Massa (my region),2005-02-15,0.934
Souss-Massa (my region),2005-03-16,1.435
Souss-Massa (my region),2005-04-16,-1.062
Souss-Massa (my region),2005-05-16,-0.26
Souss-Massa (my region),2005-06-16,-0.55
Souss-Massa (my region),2005-07-16,-0.946
Souss-Massa (my region),2005-08-16,-0.662
Souss-Massa (my region),2005-09-16,0.038
Souss-Massa (my region),2005-10-16,0.408
Souss-Massa (my region),2005-11-16,0.142
Souss-Massa (my region),2005-12-16,1.327
Souss-Massa (my region),2006-01-16,0.408
Souss-Massa (my region),2006-02-15,2.259
Souss-Massa (my region),2006-03-16,3.367
Souss-Massa (my region),2006-04-16,3.073
Souss-Massa (my region),2006-05-16,0.282
Souss-Massa (my region),2006-06-16,1.215
Souss-Massa (my region),2006-07-16,0.62
Souss-Massa (my region),2006-08-16,0.878
Souss-Massa (my region),2006-09-16,0.21
Souss-Massa (my region),2006-10-16,-0.828
Souss-Massa (my region),2006-11-16,0.081
Souss-Massa (my region),2006-12-16,0.449
Souss-Massa (my region),2007-01-16,0.582
Souss-Massa (my region),2007-02-14,1.344
Souss-Massa (my region),2007-03-16,-0.526
Souss-Massa (my region),2007-04-16,-0.562
Souss-Massa (my region),2007-05-16,-0.037
Souss-Massa (my region),2007-06-16,-0.501
Souss-Massa (my region),2007-07-16,-0.969
Souss-Massa (my region),2007-08-16,0.309
Souss-Massa (my region),2007-09-16,-3.115
Souss-Massa (my region),2007-10-16,-2.121
Souss-Massa (my region),2007-11-16,-0.875
Souss-Massa (my region),2007-12-16,1.043
Souss-Massa (my region),2008-01-16,-0.249
Souss-Massa (my region),2008-02-15,0.536
Souss-Massa (my region),2008-03-16,-0.503
Souss-Massa (my region),2008-04-16,-0.977
Souss-Massa (my region),2008-05-16,-1.904
Souss-Massa (my region),2008-06-16,-1.611
Souss-Massa (my region),2008-07-16,-1.379
Souss-Massa (my region),2008-08-16,-2.125
Souss-Massa (my region),2008-09-16,-3.5
Souss-Massa (my region),2008-10-16,-2.926
Souss-Massa (my region),2008-11-16,-0.53
Souss-Massa (my region),2008-12-16,2.056
Souss-Massa (my region),2009-01-16,1.374
Souss-Massa (my region),2009-02-15,0.695
Souss-Massa (my region),2009-03-16,1.529
Souss-Massa (my region),2009-04-16,2.103
Souss-Massa (my region),2009-05-16,0.581
Souss-Massa (my region),2009-06-16,1.879
Souss-Massa (my region),2009-07-16,1.289
Souss-Massa (my region),2009-08-16,-0.618
Souss-Massa (my region),2009-09-16,-0.07
Souss-Massa (my region),2009-10-16,-0.275
Souss-Massa (my region),2009-11-16,0.537
Souss-Massa (my region),2009-12-16,1.392
Souss-Massa (my region),2010-01-16,0.993
Souss-Massa (my region),2010-02-15,2.696
Souss-Massa (my region),2010-03-16,3.153
Souss-Massa (my region),2010-04-16,2.329
Souss-Massa (my region),2010-05-16,1.289
Souss-Massa (my region),2010-06-16,0.495
Souss-Massa (my region),2010-07-16,1.668
Souss-Massa (my region),2010-08-16,1.683
Souss-Massa (my region),2010-09-16,0.338
Souss-Massa (my region),2010-10-16,0.63
Souss-Massa (my region),2010-11-16,1.664
Souss-Massa (my region),2010-12-14,1.775
Souss-Massa (my region),2011-02-18,2.494
Souss-Massa (my region),2011-03-16,1.255
Souss-Massa (my region),2011-04-16,1.173
Souss-Massa (my region),2011-05-16,1.314
Souss-Massa (my region),2011-07-18,1.847
Souss-Massa (my region),2011-08-16,2.188
Souss-Massa (my region),2011-09-16,1.519
Souss-Massa (my region),2011-10-16,1.163
Souss-Massa (my region),2011-10-31,0.888
Souss-Massa (my region),2011-12-28,3.014
Souss-Massa (my region),2012-01-16,1.981
Souss-Massa (my region),2012-02-15,2.107
Souss-Massa (my region),2012-03-16,1.018
Souss-Massa (my region),2012-04-04,-0.09
Souss-Massa (my region),2012-06-16,-0.759
Souss-Massa (my region),2012-07-16,-0.401
Souss-Massa (my region),2012-08-16,-0.589
Souss-Massa (my region),2012-09-13,-0.653
Souss-Massa (my region),2012-11-18,4.069
Souss-Massa (my region),2012-12-16,1.999
Souss-Massa (my region),2013-01-16,1.091
Souss-Massa (my region),2013-02-14,-0.465
Souss-Massa (my region),2013-04-21,-0.134
Souss-Massa (my region),2013-05-16,0.647
Souss-Massa (my region),2013-06-16,0.5
Souss-Massa (my region),2013-07-16,-0.546
Souss-Massa (my region),2013-10-16,-0.68
Souss-Massa (my region),2013-11-16,-0.913
Souss-Massa (my region),2013-12-16,-0.751
Souss-Massa (my region),2014-01-09,-0.306
Souss-Massa (my region),2014-03-17,0.282
Souss-Massa (my region),2014-04-16,-0.435
Souss-Massa (my region),2014-05-16,-1.41
Souss-Massa (my region),2014-06-13,-0.359
Souss-Massa (my region),2014-08-16,-1.735
Souss-Massa (my region),2014-09-16,-0.469
Souss-Massa (my region),2014-10-16,-0.705
Souss-Massa (my region),2014-11-16,0.837
Souss-Massa (my region),2015-01-22,3.494
Souss-Massa (my region),2015-02-15,2.448
Souss-Massa (my region),2015-03-16,3.442
Souss-Massa (my region),2015-04-16,5.327
Souss-Massa (my region),2015-04-27,5.665
Souss-Massa (my region),2015-07-15,3.965
Souss-Massa (my region),2015-08-16,-0.208
Souss-Massa (my region),2015-09-14,1.603
Souss-Massa (my region),2015-12-23,2.11
Souss-Massa (my region),2016-01-16,-0.574
Souss-Massa (my region),2016-02-14,0.479
Souss-Massa (my region),2016-03-16,-0.123
Souss-Massa (my region),2016-05-20,-0.434
Souss-Massa (my region),2016-06-16,0.209
Souss-Massa (my region),2016-07-15,-0.196
Souss-Massa (my region),2016-08-21,-0.974
Souss-Massa (my region),2016-11-27,1.101
Souss-Massa (my region),2016-12-24,-0.864
Souss-Massa (my region),2017-01-21,4.874
Souss-Massa (my region),2017-03-31,1.004
Souss-Massa (my region),2017-04-24,-0.818
Souss-Massa (my region),2017-05-13,-1.045
Souss-Massa (my region),2017-06-10,0.853
Souss-Massa (my region),2018-06-16,0.484
Souss-Massa (my region),2018-07-10,-0.67
Souss-Massa (my region),2018-10-31,0.048
Souss-Massa (my region),2018-11-16,0.784
Souss-Massa (my region),2018-12-16,0.995
Souss-Massa (my region),2019-01-16,0.443
Souss-Massa (my region),2019-02-15,0.053
Souss-Massa (my region),2019-03-16,-1.955
Souss-Massa (my region),2019-04-16,-2.707
Souss-Massa (my region),2019-05-16,-1.879
Souss-Massa (my region),2019-06-16,-2.021
Souss-Massa (my region),2019-07-16,-1.626
Souss-Massa (my region),2019-08-16,-2.482
Souss-Massa (my region),2019-09-16,-1.529
Souss-Massa (my region),2019-10-16,-2.534
Souss-Massa (my region),2019-11-16,-1.811
Souss-Massa (my region),2019-12-16,-0.963
Souss-Massa (my region),2020-01-16,-3.789
Souss-Massa (my region),2020-02-15,-1.85
Souss-Massa (my region),2020-03-16,-2.255
Souss-Massa (my region),2020-04-16,-2.442
Souss-Massa (my region),2020-05-16,-2.299
Souss-Massa (my region),2020-06-16,-2.532
Souss-Massa (my region),2020-07-16,-2.532
Souss-Massa (my region),2020-08-16,-6.816
Souss-Massa (my region),2020-09-16,-1.901
Souss-Massa (my region),2020-10-16,-4.746
Souss-Massa (my region),2020-11-16,-4.312
Souss-Massa (my region),2020-12-16,-2.889
Souss-Massa (my region),2021-01-16,-2.787
Souss-Massa (my region),2021-02-15,-1.077
Souss-Massa (my region),2021-03-16,-1.363
Souss-Massa (my region),2021-04-16,-2.643
Souss-Massa (my region),2021-05-16,-3.003
Souss-Massa (my region),2021-06-16,-2.318
Souss-Massa (my region),2021-07-16,-2.033
Souss-Massa (my region),2021-08-16,-2.438
Souss-Massa (my region),2021-09-16,-4.235
Souss-Massa (my region),2021-10-16,-4.688
Souss-Massa (my region),2021-11-16,-4.672
Souss-Massa (my region),2021-12-16,-2.31
Souss-Massa (my region),2022-01-16,-1.368
Souss-Massa (my region),2022-02-15,-6.581
Souss-Massa (my region),2022-03-16,-6.616
Souss-Massa (my region),2022-04-16,-4.219
Souss-Massa (my region),2022-05-16,-9.029
Souss-Massa (my region),2022-06-16,-2.007
Souss-Massa (my region),2022-07-16,-2.493
Souss-Massa (my region),2022-08-16,-6.119
Souss-Massa (my region),2022-09-16,-6.813
Souss-Massa (my region),2022-10-16,-6.124
Souss-Massa (my region),2022-11-16,-6.497
Souss-Massa (my region),2022-12-16,-2.846
Souss-Massa (my region),2023-01-16,-4.049
Souss-Massa (my region),2023-02-15,-3.573
Souss-Massa (my region),2023-03-16,-2.984
Souss-Massa (my region),2023-04-16,-3.998
Souss-Massa (my region),2023-05-16,-2.636
Souss-Massa (my region),2023-06-16,-5.08
Souss-Massa (my region),2023-07-16,-5.633
Souss-Massa (my region),2023-08-16,-6.025
Souss-Massa (my region),2023-09-16,-4.293
Souss-Massa (my region),2023-10-16,-3.143
Souss-Massa (my region),2023-11-16,-3.489
Souss-Massa (my region),2023-12-16,-4.125
Souss-Massa (my region),2024-01-16,-10.141
Souss-Massa (my region),2024-02-15,-5.666
Souss-Massa (my region),2024-03-16,-3.382
Souss-Massa (my region),2024-04-16,-4.823
Souss-Massa (my region),2024-05-16,-3.381
Souss-Massa (my region),2024-06-16,-3.314
Souss-Massa (my region),2024-07-16,-5.44
Souss-Massa (my region),2024-08-16,-3.724
Souss-Massa (my region),2024-09-16,-9.977
Souss-Massa (my region),2024-10-16,-6.974
Souss-Massa (my region),2024-11-16,-4.229
Souss-Massa (my region),2024-12-16,-3.207
Souss-Massa (my region),2025-01-16,-2.758
Souss-Massa (my region),2025-02-15,-5.367
Souss-Massa (my region),2025-03-16,-4.2
Souss-Massa (my region),2025-04-16,-9.182
Souss-Massa (my region),2025-05-16,-6.486
Souss-Massa (my region),2025-06-16,-5.871
Souss-Massa (my region),2025-07-16,-7.238
Souss-Massa (my region),2025-08-16,-7.039
Souss-Massa (my region),2025-09-16,-6.761
Souss-Massa (my region),2025-10-16,-4.714
Souss-Massa (my region),2025-11-16,-5.675
Souss-Massa (my region),2025-12-16,-5.768
Souss-Massa (my region),2026-01-16,-4.105
Souss-Massa (my region),2026-02-15,-6.446
Souss-Massa (my region),2026-03-16,-3.65
Souss-Massa (my region),2026-04-16,-2.542
Souss-Massa (my region),2026-05-16,-3.629
Souss-Massa (my region),2026-06-16,-3.92
Oum Er-Rbia (Al Massira),2002-04-18,1.29
Oum Er-Rbia (Al Massira),2002-05-10,-2.11
Oum Er-Rbia (Al Massira),2002-08-16,-2.182
Oum Er-Rbia (Al Massira),2002-09-16,-0.345
Oum Er-Rbia (Al Massira),2002-10-16,-1.567
Oum Er-Rbia (Al Massira),2002-11-16,0.529
Oum Er-Rbia (Al Massira),2002-12-16,2.797
Oum Er-Rbia (Al Massira),2003-01-16,1.476
Oum Er-Rbia (Al Massira),2003-02-15,2.107
Oum Er-Rbia (Al Massira),2003-03-16,2.479
Oum Er-Rbia (Al Massira),2003-04-16,-0.459
Oum Er-Rbia (Al Massira),2003-05-11,-1.137
Oum Er-Rbia (Al Massira),2003-07-16,-1.655
Oum Er-Rbia (Al Massira),2003-08-16,-2.515
Oum Er-Rbia (Al Massira),2003-09-16,-1.715
Oum Er-Rbia (Al Massira),2003-10-16,-1.09
Oum Er-Rbia (Al Massira),2003-11-16,-0.876
Oum Er-Rbia (Al Massira),2003-12-16,3.884
Oum Er-Rbia (Al Massira),2004-01-07,2.854
Oum Er-Rbia (Al Massira),2004-02-17,1.615
Oum Er-Rbia (Al Massira),2004-03-16,1.051
Oum Er-Rbia (Al Massira),2004-04-16,1.259
Oum Er-Rbia (Al Massira),2004-05-16,1.418
Oum Er-Rbia (Al Massira),2004-06-16,-0.542
Oum Er-Rbia (Al Massira),2004-07-16,1.387
Oum Er-Rbia (Al Massira),2004-08-16,-0.501
Oum Er-Rbia (Al Massira),2004-09-16,-1.669
Oum Er-Rbia (Al Massira),2004-10-16,-3.587
Oum Er-Rbia (Al Massira),2004-11-16,-0.075
Oum Er-Rbia (Al Massira),2004-12-16,1.115
Oum Er-Rbia (Al Massira),2005-01-16,1.555
Oum Er-Rbia (Al Massira),2005-02-15,1.29
Oum Er-Rbia (Al Massira),2005-03-16,2.318
Oum Er-Rbia (Al Massira),2005-04-16,-0.183
Oum Er-Rbia (Al Massira),2005-05-16,-0.47
Oum Er-Rbia (Al Massira),2005-06-16,-0.842
Oum Er-Rbia (Al Massira),2005-07-16,-1.959
Oum Er-Rbia (Al Massira),2005-08-16,-1.578
Oum Er-Rbia (Al Massira),2005-09-16,-1.256
Oum Er-Rbia (Al Massira),2005-10-16,-0.433
Oum Er-Rbia (Al Massira),2005-11-16,-0.669
Oum Er-Rbia (Al Massira),2005-12-16,1.149
Oum Er-Rbia (Al Massira),2006-01-16,0.525
Oum Er-Rbia (Al Massira),2006-02-15,2.92
Oum Er-Rbia (Al Massira),2006-03-16,3.973
Oum Er-Rbia (Al Massira),2006-04-16,2.19
Oum Er-Rbia (Al Massira),2006-05-16,-0.117
Oum Er-Rbia (Al Massira),2006-06-16,0.196
Oum Er-Rbia (Al Massira),2006-07-16,-0.087
Oum Er-Rbia (Al Massira),2006-08-16,-0.24
Oum Er-Rbia (Al Massira),2006-09-16,-1.07
Oum Er-Rbia (Al Massira),2006-10-16,-1.719
Oum Er-Rbia (Al Massira),2006-11-16,-1.01
Oum Er-Rbia (Al Massira),2006-12-16,0.557
Oum Er-Rbia (Al Massira),2007-01-16,1.391
Oum Er-Rbia (Al Massira),2007-02-14,0.274
Oum Er-Rbia (Al Massira),2007-03-16,-1.218
Oum Er-Rbia (Al Massira),2007-04-16,-1.526
Oum Er-Rbia (Al Massira),2007-05-16,-0.485
Oum Er-Rbia (Al Massira),2007-06-16,-1.527
Oum Er-Rbia (Al Massira),2007-07-16,-2.184
Oum Er-Rbia (Al Massira),2007-08-16,-2.255
Oum Er-Rbia (Al Massira),2007-09-16,-4.247
Oum Er-Rbia (Al Massira),2007-10-16,-3.012
Oum Er-Rbia (Al Massira),2007-11-16,-1.672
Oum Er-Rbia (Al Massira),2007-12-16,0.99
Oum Er-Rbia (Al Massira),2008-01-16,-0.007
Oum Er-Rbia (Al Massira),2008-02-15,0.208
Oum Er-Rbia (Al Massira),2008-03-16,-0.625
Oum Er-Rbia (Al Massira),2008-04-16,-0.969
Oum Er-Rbia (Al Massira),2008-05-16,-2.7
Oum Er-Rbia (Al Massira),2008-06-16,-3.058
Oum Er-Rbia (Al Massira),2008-07-16,-2.611
Oum Er-Rbia (Al Massira),2008-08-16,-4.746
Oum Er-Rbia (Al Massira),2008-09-16,-6.205
Oum Er-Rbia (Al Massira),2008-10-16,-3.644
Oum Er-Rbia (Al Massira),2008-11-16,0.577
Oum Er-Rbia (Al Massira),2008-12-16,3.71
Oum Er-Rbia (Al Massira),2009-01-16,3.97
Oum Er-Rbia (Al Massira),2009-02-15,4.108
Oum Er-Rbia (Al Massira),2009-03-16,4.283
Oum Er-Rbia (Al Massira),2009-04-16,3.861
Oum Er-Rbia (Al Massira),2009-05-16,1.466
Oum Er-Rbia (Al Massira),2009-06-16,2.619
Oum Er-Rbia (Al Massira),2009-07-16,2.714
Oum Er-Rbia (Al Massira),2009-08-16,-0.381
Oum Er-Rbia (Al Massira),2009-09-16,-0.025
Oum Er-Rbia (Al Massira),2009-10-16,-0.092
Oum Er-Rbia (Al Massira),2009-11-16,0.828
Oum Er-Rbia (Al Massira),2009-12-16,2.823
Oum Er-Rbia (Al Massira),2010-01-16,4.669
Oum Er-Rbia (Al Massira),2010-02-15,5.889
Oum Er-Rbia (Al Massira),2010-03-16,6.957
Oum Er-Rbia (Al Massira),2010-04-16,4.334
Oum Er-Rbia (Al Massira),2010-05-16,3.25
Oum Er-Rbia (Al Massira),2010-06-16,2.523
Oum Er-Rbia (Al Massira),2010-07-16,3.075
Oum Er-Rbia (Al Massira),2010-08-16,2.687
Oum Er-Rbia (Al Massira),2010-09-16,1.668
Oum Er-Rbia (Al Massira),2010-10-16,2.808
Oum Er-Rbia (Al Massira),2010-11-16,3.434
Oum Er-Rbia (Al Massira),2010-12-14,4.619
Oum Er-Rbia (Al Massira),2011-02-18,5.318
Oum Er-Rbia (Al Massira),2011-03-16,3.763
Oum Er-Rbia (Al Massira),2011-04-16,3.245
Oum Er-Rbia (Al Massira),2011-05-16,3.284
Oum Er-Rbia (Al Massira),2011-07-18,3.075
Oum Er-Rbia (Al Massira),2011-08-16,2.151
Oum Er-Rbia (Al Massira),2011-09-16,2.456
Oum Er-Rbia (Al Massira),2011-10-16,2.018
Oum Er-Rbia (Al Massira),2011-10-31,1.843
Oum Er-Rbia (Al Massira),2011-12-28,6.286
Oum Er-Rbia (Al Massira),2012-01-16,5.154
Oum Er-Rbia (Al Massira),2012-02-15,4.048
Oum Er-Rbia (Al Massira),2012-03-16,2.547
Oum Er-Rbia (Al Massira),2012-04-04,2.295
Oum Er-Rbia (Al Massira),2012-06-16,0.495
Oum Er-Rbia (Al Massira),2012-07-16,-0.108
Oum Er-Rbia (Al Massira),2012-08-16,-0.38
Oum Er-Rbia (Al Massira),2012-09-13,0.09
Oum Er-Rbia (Al Massira),2012-11-18,11.261
Oum Er-Rbia (Al Massira),2012-12-16,6.966
Oum Er-Rbia (Al Massira),2013-01-16,5.054
Oum Er-Rbia (Al Massira),2013-02-14,3.327
Oum Er-Rbia (Al Massira),2013-04-21,3.099
Oum Er-Rbia (Al Massira),2013-05-16,3.605
Oum Er-Rbia (Al Massira),2013-06-16,2.804
Oum Er-Rbia (Al Massira),2013-07-16,1.563
Oum Er-Rbia (Al Massira),2013-10-16,0.9
Oum Er-Rbia (Al Massira),2013-11-16,0.463
Oum Er-Rbia (Al Massira),2013-12-16,1.463
Oum Er-Rbia (Al Massira),2014-01-09,2.317
Oum Er-Rbia (Al Massira),2014-03-17,2.296
Oum Er-Rbia (Al Massira),2014-04-16,1.601
Oum Er-Rbia (Al Massira),2014-05-16,0.321
Oum Er-Rbia (Al Massira),2014-06-13,1.228
Oum Er-Rbia (Al Massira),2014-08-16,-1.464
Oum Er-Rbia (Al Massira),2014-09-16,-0.015
Oum Er-Rbia (Al Massira),2014-10-16,-0.016
Oum Er-Rbia (Al Massira),2014-11-16,1.693
Oum Er-Rbia (Al Massira),2015-01-22,4.519
Oum Er-Rbia (Al Massira),2015-02-15,4.811
Oum Er-Rbia (Al Massira),2015-03-16,5.281
Oum Er-Rbia (Al Massira),2015-04-16,8.991
Oum Er-Rbia (Al Massira),2015-04-27,8.052
Oum Er-Rbia (Al Massira),2015-07-15,4.559
Oum Er-Rbia (Al Massira),2015-08-16,0.68
Oum Er-Rbia (Al Massira),2015-09-14,2.098
Oum Er-Rbia (Al Massira),2015-12-23,2.378
Oum Er-Rbia (Al Massira),2016-01-16,0.375
Oum Er-Rbia (Al Massira),2016-02-14,1.301
Oum Er-Rbia (Al Massira),2016-03-16,0.65
Oum Er-Rbia (Al Massira),2016-05-20,-0.853
Oum Er-Rbia (Al Massira),2016-06-16,0.322
Oum Er-Rbia (Al Massira),2016-07-15,-0.014
Oum Er-Rbia (Al Massira),2016-08-21,-2.553
Oum Er-Rbia (Al Massira),2016-11-27,1.65
Oum Er-Rbia (Al Massira),2016-12-24,0.333
Oum Er-Rbia (Al Massira),2017-01-21,6.909
Oum Er-Rbia (Al Massira),2017-03-31,1.48
Oum Er-Rbia (Al Massira),2017-04-24,-0.619
Oum Er-Rbia (Al Massira),2017-05-13,-0.446
Oum Er-Rbia (Al Massira),2017-06-10,0.967
Oum Er-Rbia (Al Massira),2018-06-16,1.09
Oum Er-Rbia (Al Massira),2018-07-10,-0.797
Oum Er-Rbia (Al Massira),2018-10-31,0.977
Oum Er-Rbia (Al Massira),2018-11-16,2.149
Oum Er-Rbia (Al Massira),2018-12-16,3.084
Oum Er-Rbia (Al Massira),2019-01-16,1.455
Oum Er-Rbia (Al Massira),2019-02-15,1.733
Oum Er-Rbia (Al Massira),2019-03-16,-1.105
Oum Er-Rbia (Al Massira),2019-04-16,-1.801
Oum Er-Rbia (Al Massira),2019-05-16,-1.747
Oum Er-Rbia (Al Massira),2019-06-16,-2.219
Oum Er-Rbia (Al Massira),2019-07-16,-1.79
Oum Er-Rbia (Al Massira),2019-08-16,-3.007
Oum Er-Rbia (Al Massira),2019-09-16,-2.06
Oum Er-Rbia (Al Massira),2019-10-16,-2.743
Oum Er-Rbia (Al Massira),2019-11-16,-1.809
Oum Er-Rbia (Al Massira),2019-12-16,0.053
Oum Er-Rbia (Al Massira),2020-01-16,-2.204
Oum Er-Rbia (Al Massira),2020-02-15,-1.131
Oum Er-Rbia (Al Massira),2020-03-16,-2.687
Oum Er-Rbia (Al Massira),2020-04-16,-2.773
Oum Er-Rbia (Al Massira),2020-05-16,-1.983
Oum Er-Rbia (Al Massira),2020-06-16,-2.895
Oum Er-Rbia (Al Massira),2020-07-16,-3.505
Oum Er-Rbia (Al Massira),2020-08-16,-7.773
Oum Er-Rbia (Al Massira),2020-09-16,-3.364
Oum Er-Rbia (Al Massira),2020-10-16,-9.529
Oum Er-Rbia (Al Massira),2020-11-16,-7.224
Oum Er-Rbia (Al Massira),2020-12-16,-2.779
Oum Er-Rbia (Al Massira),2021-01-16,-2.364
Oum Er-Rbia (Al Massira),2021-02-15,-1.783
Oum Er-Rbia (Al Massira),2021-03-16,-1.158
Oum Er-Rbia (Al Massira),2021-04-16,-2.49
Oum Er-Rbia (Al Massira),2021-05-16,-7.606
Oum Er-Rbia (Al Massira),2021-06-16,-2.463
Oum Er-Rbia (Al Massira),2021-07-16,-2.192
Oum Er-Rbia (Al Massira),2021-08-16,-3.123
Oum Er-Rbia (Al Massira),2021-09-16,-8.442
Oum Er-Rbia (Al Massira),2021-10-16,-5.329
Oum Er-Rbia (Al Massira),2021-11-16,-5.764
Oum Er-Rbia (Al Massira),2021-12-16,-2.867
Oum Er-Rbia (Al Massira),2022-01-16,-1.804
Oum Er-Rbia (Al Massira),2022-02-15,-7.365
Oum Er-Rbia (Al Massira),2022-03-16,-8.765
Oum Er-Rbia (Al Massira),2022-04-16,-3.75
Oum Er-Rbia (Al Massira),2022-05-16,-10.2
Oum Er-Rbia (Al Massira),2022-06-16,-2.575
Oum Er-Rbia (Al Massira),2022-07-16,-4.629
Oum Er-Rbia (Al Massira),2022-08-16,-9.396
Oum Er-Rbia (Al Massira),2022-09-16,-9.83
Oum Er-Rbia (Al Massira),2022-10-16,-8.751
Oum Er-Rbia (Al Massira),2022-11-16,-14.493
Oum Er-Rbia (Al Massira),2022-12-16,-3.183
Oum Er-Rbia (Al Massira),2023-01-16,-5.68
Oum Er-Rbia (Al Massira),2023-02-15,-6.756
Oum Er-Rbia (Al Massira),2023-03-16,-4.051
Oum Er-Rbia (Al Massira),2023-04-16,-9.866
Oum Er-Rbia (Al Massira),2023-05-16,-11.769
Oum Er-Rbia (Al Massira),2023-06-16,-7.467
Oum Er-Rbia (Al Massira),2023-07-16,-10.753
Oum Er-Rbia (Al Massira),2023-08-16,-12.724
Oum Er-Rbia (Al Massira),2023-09-16,-6.969
Oum Er-Rbia (Al Massira),2023-10-16,-7.969
Oum Er-Rbia (Al Massira),2023-11-16,-7.699
Oum Er-Rbia (Al Massira),2023-12-16,-8.015
Oum Er-Rbia (Al Massira),2024-01-16,-17.059
Oum Er-Rbia (Al Massira),2024-02-15,-15.953
Oum Er-Rbia (Al Massira),2024-03-16,-7.112
Oum Er-Rbia (Al Massira),2024-04-16,-8.82
Oum Er-Rbia (Al Massira),2024-05-16,-6.116
Oum Er-Rbia (Al Massira),2024-06-16,-13.525
Oum Er-Rbia (Al Massira),2024-07-16,-13.982
Oum Er-Rbia (Al Massira),2024-08-16,-9.581
Oum Er-Rbia (Al Massira),2024-09-16,-14.392
Oum Er-Rbia (Al Massira),2024-10-16,-13.791
Oum Er-Rbia (Al Massira),2024-11-16,-12.2
Oum Er-Rbia (Al Massira),2024-12-16,-8.6
Oum Er-Rbia (Al Massira),2025-01-16,-16.079
Oum Er-Rbia (Al Massira),2025-02-15,-16.79
Oum Er-Rbia (Al Massira),2025-03-16,-7.58
Oum Er-Rbia (Al Massira),2025-04-16,-14.77
Oum Er-Rbia (Al Massira),2025-05-16,-13.943
Oum Er-Rbia (Al Massira),2025-06-16,-10.906
Oum Er-Rbia (Al Massira),2025-07-16,-15.635
Oum Er-Rbia (Al Massira),2025-08-16,-24.101
Oum Er-Rbia (Al Massira),2025-09-16,-12.403
Oum Er-Rbia (Al Massira),2025-10-16,-12.09
Oum Er-Rbia (Al Massira),2025-11-16,-10.6
Oum Er-Rbia (Al Massira),2025-12-16,-11.197
Oum Er-Rbia (Al Massira),2026-01-16,-3.531
Oum Er-Rbia (Al Massira),2026-02-15,-0.307
Oum Er-Rbia (Al Massira),2026-03-16,-0.846
Oum Er-Rbia (Al Massira),2026-04-16,-0.529
Oum Er-Rbia (Al Massira),2026-05-16,-2.401
Oum Er-Rbia (Al Massira),2026-06-16,-2.762
