region,date,total_cm,soil_cm,groundwater_cm
Souss-Massa (my region),2002-04-01,0.285,2.976,-2.691
Souss-Massa (my region),2002-05-01,-2.13,0.539,-2.669
Souss-Massa (my region),2002-08-01,-0.942,-0.73,-0.212
Souss-Massa (my region),2002-09-01,0.691,-0.888,1.579
Souss-Massa (my region),2002-10-01,-0.952,-0.906,-0.046
Souss-Massa (my region),2002-11-01,1.05,1.038,0.012
Souss-Massa (my region),2002-12-01,0.447,4.17,-3.723
Souss-Massa (my region),2003-01-01,0.299,3.057,-2.758
Souss-Massa (my region),2003-02-01,0.544,1.495,-0.951
Souss-Massa (my region),2003-03-01,1.391,0.969,0.422
Souss-Massa (my region),2003-04-01,-0.916,0.368,-1.284
Souss-Massa (my region),2003-05-01,-2.112,-0.267,-1.845
Souss-Massa (my region),2003-07-01,-1.059,-0.889,-0.17
Souss-Massa (my region),2003-08-01,-0.721,-0.982,0.261
Souss-Massa (my region),2003-09-01,-0.628,-1.145,0.517
Souss-Massa (my region),2003-10-01,0.135,0.133,0.002
Souss-Massa (my region),2003-11-01,-1.027,1.934,-2.961
Souss-Massa (my region),2003-12-01,2.019,2.733,-0.714
Souss-Massa (my region),2004-01-01,1.041,1.159,-0.118
Souss-Massa (my region),2004-02-01,0.349,1.59,-1.241
Souss-Massa (my region),2004-03-01,-0.432,1.999,-2.431
Souss-Massa (my region),2004-04-01,0.468,0.933,-0.465
Souss-Massa (my region),2004-05-01,-0.354,0.411,-0.765
Souss-Massa (my region),2004-06-01,-1.319,-0.369,-0.95
Souss-Massa (my region),2004-07-01,1.251,-0.749,2.0
Souss-Massa (my region),2004-08-01,-0.58,-0.935,0.355
Souss-Massa (my region),2004-09-01,-1.854,-1.068,-0.786
Souss-Massa (my region),2004-10-01,-3.723,-1.069,-2.654
Souss-Massa (my region),2004-11-01,-0.9,-0.232,-0.668
Souss-Massa (my region),2004-12-01,0.792,0.431,0.361
Souss-Massa (my region),2005-01-01,0.566,-0.11,0.676
Souss-Massa (my region),2005-02-01,0.934,-0.366,1.3
Souss-Massa (my region),2005-03-01,1.435,2.057,-0.622
Souss-Massa (my region),2005-04-01,-1.062,-0.008,-1.054
Souss-Massa (my region),2005-05-01,-0.26,-0.681,0.421
Souss-Massa (my region),2005-06-01,-0.55,-1.01,0.46
Souss-Massa (my region),2005-07-01,-0.946,-1.304,0.358
Souss-Massa (my region),2005-08-01,-0.662,-1.415,0.753
Souss-Massa (my region),2005-09-01,0.038,-1.557,1.595
Souss-Massa (my region),2005-10-01,0.408,0.358,0.05
Souss-Massa (my region),2005-11-01,0.142,-0.149,0.291
Souss-Massa (my region),2005-12-01,1.327,0.897,0.43
Souss-Massa (my region),2006-01-01,0.408,2.438,-2.03
Souss-Massa (my region),2006-02-01,2.259,6.041,-3.782
Souss-Massa (my region),2006-03-01,3.367,4.206,-0.839
Souss-Massa (my region),2006-04-01,3.073,2.046,1.027
Souss-Massa (my region),2006-05-01,0.282,1.088,-0.806
Souss-Massa (my region),2006-06-01,1.215,0.524,0.691
Souss-Massa (my region),2006-07-01,0.62,0.151,0.469
Souss-Massa (my region),2006-08-01,0.878,-0.144,1.022
Souss-Massa (my region),2006-09-01,0.21,-0.335,0.545
Souss-Massa (my region),2006-10-01,-0.828,-0.211,-0.617
Souss-Massa (my region),2006-11-01,0.081,0.04,0.041
Souss-Massa (my region),2006-12-01,0.449,0.09,0.359
Souss-Massa (my region),2007-01-01,0.582,-0.251,0.833
Souss-Massa (my region),2007-02-01,1.344,0.588,0.756
Souss-Massa (my region),2007-03-01,-0.526,-0.347,-0.179
Souss-Massa (my region),2007-04-01,-0.562,-0.502,-0.06
Souss-Massa (my region),2007-05-01,-0.037,-0.775,0.738
Souss-Massa (my region),2007-06-01,-0.501,-0.934,0.433
Souss-Massa (my region),2007-07-01,-0.969,-1.062,0.093
Souss-Massa (my region),2007-08-01,0.309,-0.992,1.301
Souss-Massa (my region),2007-09-01,-3.115,-1.13,-1.985
Souss-Massa (my region),2007-10-01,-2.121,-1.164,-0.957
Souss-Massa (my region),2007-11-01,-0.875,-0.899,0.024
Souss-Massa (my region),2007-12-01,1.043,-0.47,1.513
Souss-Massa (my region),2008-01-01,-0.249,-0.584,0.335
Souss-Massa (my region),2008-02-01,0.536,-0.551,1.087
Souss-Massa (my region),2008-03-01,-0.503,-0.838,0.335
Souss-Massa (my region),2008-04-01,-0.977,-1.203,0.226
Souss-Massa (my region),2008-05-01,-1.904,-1.376,-0.528
Souss-Massa (my region),2008-06-01,-1.611,-1.486,-0.125
Souss-Massa (my region),2008-07-01,-1.379,-1.587,0.208
Souss-Massa (my region),2008-08-01,-2.125,-1.644,-0.481
Souss-Massa (my region),2008-09-01,-3.5,-0.822,-2.678
Souss-Massa (my region),2008-10-01,-2.926,-0.38,-2.546
Souss-Massa (my region),2008-11-01,-0.53,0.89,-1.42
Souss-Massa (my region),2008-12-01,2.056,-0.125,2.181
Souss-Massa (my region),2009-01-01,1.374,1.097,0.277
Souss-Massa (my region),2009-02-01,0.695,3.696,-3.001
Souss-Massa (my region),2009-03-01,1.529,2.6,-1.071
Souss-Massa (my region),2009-04-01,2.103,0.981,1.122
Souss-Massa (my region),2009-05-01,0.581,-0.273,0.854
Souss-Massa (my region),2009-06-01,1.879,-0.352,2.231
Souss-Massa (my region),2009-07-01,1.289,-0.92,2.209
Souss-Massa (my region),2009-08-01,-0.618,-1.235,0.617
Souss-Massa (my region),2009-09-01,-0.07,-0.909,0.839
Souss-Massa (my region),2009-10-01,-0.275,-1.205,0.93
Souss-Massa (my region),2009-11-01,0.537,-1.433,1.97
Souss-Massa (my region),2009-12-01,1.392,0.838,0.554
Souss-Massa (my region),2010-01-01,0.993,6.618,-5.625
Souss-Massa (my region),2010-02-01,2.696,9.971,-7.275
Souss-Massa (my region),2010-03-01,3.153,12.504,-9.351
Souss-Massa (my region),2010-04-01,2.329,8.273,-5.944
Souss-Massa (my region),2010-05-01,1.289,5.817,-4.528
Souss-Massa (my region),2010-06-01,0.495,4.217,-3.722
Souss-Massa (my region),2010-07-01,1.668,3.186,-1.518
Souss-Massa (my region),2010-08-01,1.683,2.876,-1.193
Souss-Massa (my region),2010-09-01,0.338,3.004,-2.666
Souss-Massa (my region),2010-10-01,0.63,2.556,-1.926
Souss-Massa (my region),2010-11-01,1.664,2.492,-0.828
Souss-Massa (my region),2010-12-01,1.775,8.013,-6.238
Souss-Massa (my region),2011-02-01,2.494,6.856,-4.362
Souss-Massa (my region),2011-03-01,1.255,6.621,-5.366
Souss-Massa (my region),2011-04-01,1.173,4.809,-3.636
Souss-Massa (my region),2011-05-01,1.314,6.882,-5.568
Souss-Massa (my region),2011-07-01,1.847,2.808,-0.961
Souss-Massa (my region),2011-08-01,2.188,2.167,0.021
Souss-Massa (my region),2011-09-01,1.519,1.717,-0.198
Souss-Massa (my region),2011-10-01,1.163,1.649,-0.486
Souss-Massa (my region),2011-10-01,0.888,1.649,-0.761
Souss-Massa (my region),2011-12-01,3.014,1.637,1.377
Souss-Massa (my region),2012-01-01,1.981,1.206,0.775
Souss-Massa (my region),2012-02-01,2.107,1.024,1.083
Souss-Massa (my region),2012-03-01,1.018,0.854,0.164
Souss-Massa (my region),2012-04-01,-0.09,1.071,-1.161
Souss-Massa (my region),2012-06-01,-0.759,0.315,-1.074
Souss-Massa (my region),2012-07-01,-0.401,0.154,-0.555
Souss-Massa (my region),2012-08-01,-0.589,0.004,-0.593
Souss-Massa (my region),2012-09-01,-0.653,0.256,-0.909
Souss-Massa (my region),2012-11-01,4.069,5.721,-1.652
Souss-Massa (my region),2012-12-01,1.999,3.237,-1.238
Souss-Massa (my region),2013-01-01,1.091,2.174,-1.083
Souss-Massa (my region),2013-02-01,-0.465,1.568,-2.033
Souss-Massa (my region),2013-04-01,-0.134,4.133,-4.267
Souss-Massa (my region),2013-05-01,0.647,2.061,-1.414
Souss-Massa (my region),2013-06-01,0.5,1.182,-0.682
Souss-Massa (my region),2013-07-01,-0.546,0.599,-1.145
Souss-Massa (my region),2013-10-01,-0.68,0.028,-0.708
Souss-Massa (my region),2013-11-01,-0.913,-0.105,-0.808
Souss-Massa (my region),2013-12-01,-0.751,-0.109,-0.642
Souss-Massa (my region),2014-01-01,-0.306,0.278,-0.584
Souss-Massa (my region),2014-03-01,0.282,-0.091,0.373
Souss-Massa (my region),2014-04-01,-0.435,0.082,-0.517
Souss-Massa (my region),2014-05-01,-1.41,-0.547,-0.863
Souss-Massa (my region),2014-06-01,-0.359,-0.697,0.338
Souss-Massa (my region),2014-08-01,-1.735,-0.969,-0.766
Souss-Massa (my region),2014-09-01,-0.469,-0.126,-0.343
Souss-Massa (my region),2014-10-01,-0.705,0.139,-0.844
Souss-Massa (my region),2014-11-01,0.837,2.561,-1.724
Souss-Massa (my region),2015-01-01,3.494,11.074,-7.58
Souss-Massa (my region),2015-02-01,2.448,8.783,-6.335
Souss-Massa (my region),2015-03-01,3.442,7.288,-3.846
Souss-Massa (my region),2015-04-01,5.665,5.855,-0.19
Souss-Massa (my region),2015-04-01,5.327,5.855,-0.528
Souss-Massa (my region),2015-07-01,3.965,2.92,1.045
Souss-Massa (my region),2015-08-01,-0.208,2.497,-2.705
Souss-Massa (my region),2015-09-01,1.603,2.24,-0.637
Souss-Massa (my region),2015-12-01,2.11,3.561,-1.451
Souss-Massa (my region),2016-01-01,-0.574,3.027,-3.601
Souss-Massa (my region),2016-02-01,0.479,2.912,-2.433
Souss-Massa (my region),2016-03-01,-0.123,2.64,-2.763
Souss-Massa (my region),2016-05-01,-0.434,2.571,-3.005
Souss-Massa (my region),2016-06-01,0.209,1.631,-1.422
Souss-Massa (my region),2016-07-01,-0.196,1.301,-1.497
Souss-Massa (my region),2016-08-01,-0.974,1.106,-2.08
Souss-Massa (my region),2016-11-01,1.101,3.357,-2.256
Souss-Massa (my region),2016-12-01,-0.864,5.337,-6.201
Souss-Massa (my region),2017-01-01,4.874,3.311,1.563
Souss-Massa (my region),2017-03-01,1.004,4.301,-3.297
Souss-Massa (my region),2017-04-01,-0.818,2.441,-3.259
Souss-Massa (my region),2017-05-01,-1.045,1.631,-2.676
Souss-Massa (my region),2017-06-01,0.853,1.142,-0.289
Souss-Massa (my region),2018-06-01,0.484,0.222,0.262
Souss-Massa (my region),2018-07-01,-0.67,-0.1,-0.57
Souss-Massa (my region),2018-10-01,0.048,1.541,-1.493
Souss-Massa (my region),2018-11-01,0.784,3.27,-2.486
Souss-Massa (my region),2018-12-01,0.995,2.19,-1.195
Souss-Massa (my region),2019-01-01,0.443,1.075,-0.632
Souss-Massa (my region),2019-02-01,0.053,0.727,-0.674
Souss-Massa (my region),2019-03-01,-1.955,0.615,-2.57
Souss-Massa (my region),2019-04-01,-2.707,0.692,-3.399
Souss-Massa (my region),2019-05-01,-1.879,0.209,-2.088
Souss-Massa (my region),2019-06-01,-2.021,-0.017,-2.004
Souss-Massa (my region),2019-07-01,-1.626,-0.204,-1.422
Souss-Massa (my region),2019-08-01,-2.482,-0.22,-2.262
Souss-Massa (my region),2019-09-01,-1.529,-0.072,-1.457
Souss-Massa (my region),2019-10-01,-2.534,-0.338,-2.196
Souss-Massa (my region),2019-11-01,-1.811,-0.397,-1.414
Souss-Massa (my region),2019-12-01,-0.963,0.25,-1.213
Souss-Massa (my region),2020-01-01,-3.789,-0.264,-3.525
Souss-Massa (my region),2020-02-01,-1.85,-0.552,-1.298
Souss-Massa (my region),2020-03-01,-2.255,-0.343,-1.912
Souss-Massa (my region),2020-04-01,-2.442,-0.351,-2.091
Souss-Massa (my region),2020-05-01,-2.299,-0.612,-1.687
Souss-Massa (my region),2020-06-01,-2.532,-0.801,-1.731
Souss-Massa (my region),2020-07-01,-2.532,-0.932,-1.6
Souss-Massa (my region),2020-08-01,-6.816,-1.003,-5.813
Souss-Massa (my region),2020-09-01,-1.901,-0.947,-0.954
Souss-Massa (my region),2020-10-01,-4.746,-0.84,-3.906
Souss-Massa (my region),2020-11-01,-4.312,-0.433,-3.879
Souss-Massa (my region),2020-12-01,-2.889,0.334,-3.223
Souss-Massa (my region),2021-01-01,-2.787,3.571,-6.358
Souss-Massa (my region),2021-02-01,-1.077,3.221,-4.298
Souss-Massa (my region),2021-03-01,-1.363,2.505,-3.868
Souss-Massa (my region),2021-04-01,-2.643,0.732,-3.375
Souss-Massa (my region),2021-05-01,-3.003,0.014,-3.017
Souss-Massa (my region),2021-06-01,-2.318,-0.507,-1.811
Souss-Massa (my region),2021-07-01,-2.033,-0.831,-1.202
Souss-Massa (my region),2021-08-01,-2.438,-1.016,-1.422
Souss-Massa (my region),2021-09-01,-4.235,-1.038,-3.197
Souss-Massa (my region),2021-10-01,-4.688,-1.183,-3.505
Souss-Massa (my region),2021-11-01,-4.672,-0.549,-4.123
Souss-Massa (my region),2021-12-01,-2.31,-0.333,-1.977
Souss-Massa (my region),2022-01-01,-1.368,-0.6,-0.768
Souss-Massa (my region),2022-02-01,-6.581,-0.483,-6.098
Souss-Massa (my region),2022-03-01,-6.616,-0.206,-6.41
Souss-Massa (my region),2022-04-01,-4.219,-0.311,-3.908
Souss-Massa (my region),2022-05-01,-9.029,-1.006,-8.023
Souss-Massa (my region),2022-06-01,-2.007,-1.184,-0.823
Souss-Massa (my region),2022-07-01,-2.493,-1.314,-1.179
Souss-Massa (my region),2022-08-01,-6.119,-1.388,-4.731
Souss-Massa (my region),2022-09-01,-6.813,-1.317,-5.496
Souss-Massa (my region),2022-10-01,-6.124,-1.348,-4.776
Souss-Massa (my region),2022-11-01,-6.497,-1.491,-5.006
Souss-Massa (my region),2022-12-01,-2.846,0.116,-2.962
Souss-Massa (my region),2023-01-01,-4.049,-0.595,-3.454
Souss-Massa (my region),2023-02-01,-3.573,1.128,-4.701
Souss-Massa (my region),2023-03-01,-2.984,0.815,-3.799
Souss-Massa (my region),2023-04-01,-3.998,-0.247,-3.751
Souss-Massa (my region),2023-05-01,-2.636,-0.612,-2.024
Souss-Massa (my region),2023-06-01,-5.08,-0.729,-4.351
Souss-Massa (my region),2023-07-01,-5.633,-0.926,-4.707
Souss-Massa (my region),2023-08-01,-6.025,-1.059,-4.966
Souss-Massa (my region),2023-09-01,-4.293,-1.148,-3.145
Souss-Massa (my region),2023-10-01,-3.143,-1.1,-2.043
Souss-Massa (my region),2023-11-01,-3.489,-1.173,-2.316
Souss-Massa (my region),2023-12-01,-4.125,-1.278,-2.847
Souss-Massa (my region),2024-01-01,-10.141,-1.369,-8.772
Souss-Massa (my region),2024-02-01,-5.666,-1.07,-4.596
Souss-Massa (my region),2024-03-01,-3.382,-1.132,-2.25
Souss-Massa (my region),2024-04-01,-4.823,-1.083,-3.74
Souss-Massa (my region),2024-05-01,-3.381,-1.504,-1.877
Souss-Massa (my region),2024-06-01,-3.314,-1.574,-1.74
Souss-Massa (my region),2024-07-01,-5.44,-1.658,-3.782
Souss-Massa (my region),2024-08-01,-3.724,-1.714,-2.01
Souss-Massa (my region),2024-09-01,-9.977,-1.068,-8.909
Souss-Massa (my region),2024-10-01,-6.974,-0.794,-6.18
Souss-Massa (my region),2024-11-01,-4.229,-0.997,-3.232
Souss-Massa (my region),2024-12-01,-3.207,-1.245,-1.962
Souss-Massa (my region),2025-01-01,-2.758,-1.304,-1.454
Souss-Massa (my region),2025-02-01,-5.367,-1.468,-3.899
Souss-Massa (my region),2025-03-01,-4.2,-0.103,-4.097
Souss-Massa (my region),2025-04-01,-9.182,-0.801,-8.381
Souss-Massa (my region),2025-05-01,-6.486,-1.364,-5.122
Souss-Massa (my region),2025-06-01,-5.871,-1.547,-4.324
Souss-Massa (my region),2025-07-01,-7.238,-1.648,-5.59
Souss-Massa (my region),2025-08-01,-7.039,-1.761,-5.278
Souss-Massa (my region),2025-09-01,-6.761,-1.81,-4.951
Souss-Massa (my region),2025-10-01,-4.714,-1.889,-2.825
Souss-Massa (my region),2025-11-01,-5.675,-1.51,-4.165
Souss-Massa (my region),2025-12-01,-5.768,-0.391,-5.377
Souss-Massa (my region),2026-01-01,-4.105,4.67,-8.775
Souss-Massa (my region),2026-02-01,-6.446,3.528,-9.974
Souss-Massa (my region),2026-03-01,-3.65,3.102,-6.752
Souss-Massa (my region),2026-04-01,-2.542,2.226,-4.768
Souss-Massa (my region),2026-05-01,-3.629,0.471,-4.1
Souss-Massa (my region),2026-06-01,-3.92,-0.374,-3.546
Oum Er-Rbia (Al Massira),2002-04-01,1.29,3.47,-2.18
Oum Er-Rbia (Al Massira),2002-05-01,-2.11,0.843,-2.953
Oum Er-Rbia (Al Massira),2002-08-01,-2.182,-1.999,-0.183
Oum Er-Rbia (Al Massira),2002-09-01,-0.345,-2.369,2.024
Oum Er-Rbia (Al Massira),2002-10-01,-1.567,-2.149,0.582
Oum Er-Rbia (Al Massira),2002-11-01,0.529,1.803,-1.274
Oum Er-Rbia (Al Massira),2002-12-01,2.797,8.218,-5.421
Oum Er-Rbia (Al Massira),2003-01-01,1.476,8.385,-6.909
Oum Er-Rbia (Al Massira),2003-02-01,2.107,6.771,-4.664
Oum Er-Rbia (Al Massira),2003-03-01,2.479,6.3,-3.821
Oum Er-Rbia (Al Massira),2003-04-01,-0.459,5.771,-6.23
Oum Er-Rbia (Al Massira),2003-05-01,-1.137,3.007,-4.144
Oum Er-Rbia (Al Massira),2003-07-01,-1.655,-0.108,-1.547
Oum Er-Rbia (Al Massira),2003-08-01,-2.515,-0.844,-1.671
Oum Er-Rbia (Al Massira),2003-09-01,-1.715,-1.4,-0.315
Oum Er-Rbia (Al Massira),2003-10-01,-1.09,0.433,-1.523
Oum Er-Rbia (Al Massira),2003-11-01,-0.876,3.867,-4.743
Oum Er-Rbia (Al Massira),2003-12-01,3.884,10.012,-6.128
Oum Er-Rbia (Al Massira),2004-01-01,2.854,8.177,-5.323
Oum Er-Rbia (Al Massira),2004-02-01,1.615,6.004,-4.389
Oum Er-Rbia (Al Massira),2004-03-01,1.051,5.611,-4.56
Oum Er-Rbia (Al Massira),2004-04-01,1.259,5.017,-3.758
Oum Er-Rbia (Al Massira),2004-05-01,1.418,4.753,-3.335
Oum Er-Rbia (Al Massira),2004-06-01,-0.542,2.158,-2.7
Oum Er-Rbia (Al Massira),2004-07-01,1.387,0.601,0.786
Oum Er-Rbia (Al Massira),2004-08-01,-0.501,-0.271,-0.23
Oum Er-Rbia (Al Massira),2004-09-01,-1.669,-0.819,-0.85
Oum Er-Rbia (Al Massira),2004-10-01,-3.587,-0.864,-2.723
Oum Er-Rbia (Al Massira),2004-11-01,-0.075,2.067,-2.142
Oum Er-Rbia (Al Massira),2004-12-01,1.115,2.94,-1.825
Oum Er-Rbia (Al Massira),2005-01-01,1.555,1.925,-0.37
Oum Er-Rbia (Al Massira),2005-02-01,1.29,1.033,0.257
Oum Er-Rbia (Al Massira),2005-03-01,2.318,2.479,-0.161
Oum Er-Rbia (Al Massira),2005-04-01,-0.183,-0.04,-0.143
Oum Er-Rbia (Al Massira),2005-05-01,-0.47,-0.946,0.476
Oum Er-Rbia (Al Massira),2005-06-01,-0.842,-1.362,0.52
Oum Er-Rbia (Al Massira),2005-07-01,-1.959,-2.054,0.095
Oum Er-Rbia (Al Massira),2005-08-01,-1.578,-2.426,0.848
Oum Er-Rbia (Al Massira),2005-09-01,-1.256,-2.763,1.507
Oum Er-Rbia (Al Massira),2005-10-01,-0.433,-2.596,2.163
Oum Er-Rbia (Al Massira),2005-11-01,-0.669,-1.801,1.132
Oum Er-Rbia (Al Massira),2005-12-01,1.149,0.055,1.094
Oum Er-Rbia (Al Massira),2006-01-01,0.525,2.643,-2.118
Oum Er-Rbia (Al Massira),2006-02-01,2.92,6.07,-3.15
Oum Er-Rbia (Al Massira),2006-03-01,3.973,5.726,-1.753
Oum Er-Rbia (Al Massira),2006-04-01,2.19,2.426,-0.236
Oum Er-Rbia (Al Massira),2006-05-01,-0.117,0.932,-1.049
Oum Er-Rbia (Al Massira),2006-06-01,0.196,-0.341,0.537
Oum Er-Rbia (Al Massira),2006-07-01,-0.087,-1.298,1.211
Oum Er-Rbia (Al Massira),2006-08-01,-0.24,-2.005,1.765
Oum Er-Rbia (Al Massira),2006-09-01,-1.07,-2.404,1.334
Oum Er-Rbia (Al Massira),2006-10-01,-1.719,-2.467,0.748
Oum Er-Rbia (Al Massira),2006-11-01,-1.01,-2.092,1.082
Oum Er-Rbia (Al Massira),2006-12-01,0.557,-2.15,2.707
Oum Er-Rbia (Al Massira),2007-01-01,1.391,-2.723,4.114
Oum Er-Rbia (Al Massira),2007-02-01,0.274,-0.78,1.054
Oum Er-Rbia (Al Massira),2007-03-01,-1.218,-2.318,1.1
Oum Er-Rbia (Al Massira),2007-04-01,-1.526,-1.741,0.215
Oum Er-Rbia (Al Massira),2007-05-01,-0.485,-2.163,1.678
Oum Er-Rbia (Al Massira),2007-06-01,-1.527,-3.153,1.626
Oum Er-Rbia (Al Massira),2007-07-01,-2.184,-3.706,1.522
Oum Er-Rbia (Al Massira),2007-08-01,-2.255,-3.918,1.663
Oum Er-Rbia (Al Massira),2007-09-01,-4.247,-4.16,-0.087
Oum Er-Rbia (Al Massira),2007-10-01,-3.012,-3.936,0.924
Oum Er-Rbia (Al Massira),2007-11-01,-1.672,-3.618,1.946
Oum Er-Rbia (Al Massira),2007-12-01,0.99,-2.712,3.702
Oum Er-Rbia (Al Massira),2008-01-01,-0.007,-1.558,1.551
Oum Er-Rbia (Al Massira),2008-02-01,0.208,-2.612,2.82
Oum Er-Rbia (Al Massira),2008-03-01,-0.625,-3.203,2.578
Oum Er-Rbia (Al Massira),2008-04-01,-0.969,-3.955,2.986
Oum Er-Rbia (Al Massira),2008-05-01,-2.7,-4.341,1.641
Oum Er-Rbia (Al Massira),2008-06-01,-3.058,-4.65,1.592
Oum Er-Rbia (Al Massira),2008-07-01,-2.611,-4.958,2.347
Oum Er-Rbia (Al Massira),2008-08-01,-4.746,-5.143,0.397
Oum Er-Rbia (Al Massira),2008-09-01,-6.205,-4.56,-1.645
Oum Er-Rbia (Al Massira),2008-10-01,-3.644,-3.807,0.163
Oum Er-Rbia (Al Massira),2008-11-01,0.577,1.057,-0.48
Oum Er-Rbia (Al Massira),2008-12-01,3.71,2.757,0.953
Oum Er-Rbia (Al Massira),2009-01-01,3.97,5.164,-1.194
Oum Er-Rbia (Al Massira),2009-02-01,4.108,10.813,-6.705
Oum Er-Rbia (Al Massira),2009-03-01,4.283,9.672,-5.389
Oum Er-Rbia (Al Massira),2009-04-01,3.861,7.461,-3.6
Oum Er-Rbia (Al Massira),2009-05-01,1.466,3.962,-2.496
Oum Er-Rbia (Al Massira),2009-06-01,2.619,1.975,0.644
Oum Er-Rbia (Al Massira),2009-07-01,2.714,0.512,2.202
Oum Er-Rbia (Al Massira),2009-08-01,-0.381,-0.437,0.056
Oum Er-Rbia (Al Massira),2009-09-01,-0.025,-0.216,0.191
Oum Er-Rbia (Al Massira),2009-10-01,-0.092,-0.633,0.541
Oum Er-Rbia (Al Massira),2009-11-01,0.828,-1.297,2.125
Oum Er-Rbia (Al Massira),2009-12-01,2.823,1.015,1.808
Oum Er-Rbia (Al Massira),2010-01-01,4.669,8.751,-4.082
Oum Er-Rbia (Al Massira),2010-02-01,5.889,12.722,-6.833
Oum Er-Rbia (Al Massira),2010-03-01,6.957,16.744,-9.787
Oum Er-Rbia (Al Massira),2010-04-01,4.334,12.406,-8.072
Oum Er-Rbia (Al Massira),2010-05-01,3.25,9.194,-5.944
Oum Er-Rbia (Al Massira),2010-06-01,2.523,6.761,-4.238
Oum Er-Rbia (Al Massira),2010-07-01,3.075,5.123,-2.048
Oum Er-Rbia (Al Massira),2010-08-01,2.687,3.872,-1.185
Oum Er-Rbia (Al Massira),2010-09-01,1.668,2.98,-1.312
Oum Er-Rbia (Al Massira),2010-10-01,2.808,3.239,-0.431
Oum Er-Rbia (Al Massira),2010-11-01,3.434,3.383,0.051
Oum Er-Rbia (Al Massira),2010-12-01,4.619,8.81,-4.191
Oum Er-Rbia (Al Massira),2011-02-01,5.318,8.942,-3.624
Oum Er-Rbia (Al Massira),2011-03-01,3.763,7.954,-4.191
Oum Er-Rbia (Al Massira),2011-04-01,3.245,6.322,-3.077
Oum Er-Rbia (Al Massira),2011-05-01,3.284,8.044,-4.76
Oum Er-Rbia (Al Massira),2011-07-01,3.075,3.195,-0.12
Oum Er-Rbia (Al Massira),2011-08-01,2.151,2.063,0.088
Oum Er-Rbia (Al Massira),2011-09-01,2.456,1.346,1.11
Oum Er-Rbia (Al Massira),2011-10-01,2.018,1.185,0.833
Oum Er-Rbia (Al Massira),2011-10-01,1.843,1.185,0.658
Oum Er-Rbia (Al Massira),2011-12-01,6.286,4.226,2.06
Oum Er-Rbia (Al Massira),2012-01-01,5.154,2.827,2.327
Oum Er-Rbia (Al Massira),2012-02-01,4.048,2.156,1.892
Oum Er-Rbia (Al Massira),2012-03-01,2.547,1.142,1.405
Oum Er-Rbia (Al Massira),2012-04-01,2.295,2.702,-0.407
Oum Er-Rbia (Al Massira),2012-06-01,0.495,-0.089,0.584
Oum Er-Rbia (Al Massira),2012-07-01,-0.108,-0.671,0.563
Oum Er-Rbia (Al Massira),2012-08-01,-0.38,-1.095,0.715
Oum Er-Rbia (Al Massira),2012-09-01,0.09,-1.295,1.385
Oum Er-Rbia (Al Massira),2012-11-01,11.261,5.629,5.632
Oum Er-Rbia (Al Massira),2012-12-01,6.966,7.09,-0.124
Oum Er-Rbia (Al Massira),2013-01-01,5.054,5.644,-0.59
Oum Er-Rbia (Al Massira),2013-02-01,3.327,5.075,-1.748
Oum Er-Rbia (Al Massira),2013-04-01,3.099,4.944,-1.845
Oum Er-Rbia (Al Massira),2013-05-01,3.605,2.354,1.251
Oum Er-Rbia (Al Massira),2013-06-01,2.804,0.909,1.895
Oum Er-Rbia (Al Massira),2013-07-01,1.563,-0.102,1.665
Oum Er-Rbia (Al Massira),2013-10-01,0.9,-0.35,1.25
Oum Er-Rbia (Al Massira),2013-11-01,0.463,-0.454,0.917
Oum Er-Rbia (Al Massira),2013-12-01,1.463,-0.314,1.777
Oum Er-Rbia (Al Massira),2014-01-01,2.317,0.868,1.449
Oum Er-Rbia (Al Massira),2014-03-01,2.296,1.707,0.589
Oum Er-Rbia (Al Massira),2014-04-01,1.601,0.961,0.64
Oum Er-Rbia (Al Massira),2014-05-01,0.321,-0.855,1.176
Oum Er-Rbia (Al Massira),2014-06-01,1.228,-1.624,2.852
Oum Er-Rbia (Al Massira),2014-08-01,-1.464,-2.517,1.053
Oum Er-Rbia (Al Massira),2014-09-01,-0.015,-2.609,2.594
Oum Er-Rbia (Al Massira),2014-10-01,-0.016,-2.804,2.788
Oum Er-Rbia (Al Massira),2014-11-01,1.693,-0.085,1.778
Oum Er-Rbia (Al Massira),2015-01-01,4.519,8.874,-4.355
Oum Er-Rbia (Al Massira),2015-02-01,4.811,8.771,-3.96
Oum Er-Rbia (Al Massira),2015-03-01,5.281,6.621,-1.34
Oum Er-Rbia (Al Massira),2015-04-01,8.052,5.601,2.451
Oum Er-Rbia (Al Massira),2015-04-01,8.991,5.601,3.39
Oum Er-Rbia (Al Massira),2015-07-01,4.559,0.333,4.226
Oum Er-Rbia (Al Massira),2015-08-01,0.68,-0.441,1.121
Oum Er-Rbia (Al Massira),2015-09-01,2.098,-1.018,3.116
Oum Er-Rbia (Al Massira),2015-12-01,2.378,-1.179,3.557
Oum Er-Rbia (Al Massira),2016-01-01,0.375,-1.353,1.728
Oum Er-Rbia (Al Massira),2016-02-01,1.301,-1.369,2.67
Oum Er-Rbia (Al Massira),2016-03-01,0.65,-0.695,1.345
Oum Er-Rbia (Al Massira),2016-05-01,-0.853,0.269,-1.122
Oum Er-Rbia (Al Massira),2016-06-01,0.322,-1.738,2.06
Oum Er-Rbia (Al Massira),2016-07-01,-0.014,-2.505,2.491
Oum Er-Rbia (Al Massira),2016-08-01,-2.553,-2.951,0.398
Oum Er-Rbia (Al Massira),2016-11-01,1.65,-2.593,4.243
Oum Er-Rbia (Al Massira),2016-12-01,0.333,2.213,-1.88
Oum Er-Rbia (Al Massira),2017-01-01,6.909,0.92,5.989
Oum Er-Rbia (Al Massira),2017-03-01,1.48,1.248,0.232
Oum Er-Rbia (Al Massira),2017-04-01,-0.619,-0.93,0.311
Oum Er-Rbia (Al Massira),2017-05-01,-0.446,-1.862,1.416
Oum Er-Rbia (Al Massira),2017-06-01,0.967,-2.651,3.618
Oum Er-Rbia (Al Massira),2018-06-01,1.09,0.343,0.747
Oum Er-Rbia (Al Massira),2018-07-01,-0.797,-1.495,0.698
Oum Er-Rbia (Al Massira),2018-10-01,0.977,-2.113,3.09
Oum Er-Rbia (Al Massira),2018-11-01,2.149,2.794,-0.645
Oum Er-Rbia (Al Massira),2018-12-01,3.084,2.967,0.117
Oum Er-Rbia (Al Massira),2019-01-01,1.455,0.906,0.549
Oum Er-Rbia (Al Massira),2019-02-01,1.733,0.159,1.574
Oum Er-Rbia (Al Massira),2019-03-01,-1.105,-1.148,0.043
Oum Er-Rbia (Al Massira),2019-04-01,-1.801,0.014,-1.815
Oum Er-Rbia (Al Massira),2019-05-01,-1.747,-1.908,0.161
Oum Er-Rbia (Al Massira),2019-06-01,-2.219,-3.039,0.82
Oum Er-Rbia (Al Massira),2019-07-01,-1.79,-3.553,1.763
Oum Er-Rbia (Al Massira),2019-08-01,-3.007,-3.896,0.889
Oum Er-Rbia (Al Massira),2019-09-01,-2.06,-4.095,2.035
Oum Er-Rbia (Al Massira),2019-10-01,-2.743,-4.339,1.596
Oum Er-Rbia (Al Massira),2019-11-01,-1.809,-3.958,2.149
Oum Er-Rbia (Al Massira),2019-12-01,0.053,-2.544,2.597
Oum Er-Rbia (Al Massira),2020-01-01,-2.204,-3.453,1.249
Oum Er-Rbia (Al Massira),2020-02-01,-1.131,-4.187,3.056
Oum Er-Rbia (Al Massira),2020-03-01,-2.687,-4.054,1.367
Oum Er-Rbia (Al Massira),2020-04-01,-2.773,-3.692,0.919
Oum Er-Rbia (Al Massira),2020-05-01,-1.983,-4.15,2.167
Oum Er-Rbia (Al Massira),2020-06-01,-2.895,-4.937,2.042
Oum Er-Rbia (Al Massira),2020-07-01,-3.505,-5.217,1.712
Oum Er-Rbia (Al Massira),2020-08-01,-7.773,-5.413,-2.36
Oum Er-Rbia (Al Massira),2020-09-01,-3.364,-5.588,2.224
Oum Er-Rbia (Al Massira),2020-10-01,-9.529,-5.076,-4.453
Oum Er-Rbia (Al Massira),2020-11-01,-7.224,-4.459,-2.765
Oum Er-Rbia (Al Massira),2020-12-01,-2.779,-3.628,0.849
Oum Er-Rbia (Al Massira),2021-01-01,-2.364,-0.2,-2.164
Oum Er-Rbia (Al Massira),2021-02-01,-1.783,0.041,-1.824
Oum Er-Rbia (Al Massira),2021-03-01,-1.158,0.486,-1.644
Oum Er-Rbia (Al Massira),2021-04-01,-2.49,-1.506,-0.984
Oum Er-Rbia (Al Massira),2021-05-01,-7.606,-2.769,-4.837
Oum Er-Rbia (Al Massira),2021-06-01,-2.463,-4.064,1.601
Oum Er-Rbia (Al Massira),2021-07-01,-2.192,-4.668,2.476
Oum Er-Rbia (Al Massira),2021-08-01,-3.123,-5.085,1.962
Oum Er-Rbia (Al Massira),2021-09-01,-8.442,-5.293,-3.149
Oum Er-Rbia (Al Massira),2021-10-01,-5.329,-5.559,0.23
Oum Er-Rbia (Al Massira),2021-11-01,-5.764,-5.313,-0.451
Oum Er-Rbia (Al Massira),2021-12-01,-2.867,-4.505,1.638
Oum Er-Rbia (Al Massira),2022-01-01,-1.804,-4.864,3.06
Oum Er-Rbia (Al Massira),2022-02-01,-7.365,-5.378,-1.987
Oum Er-Rbia (Al Massira),2022-03-01,-8.765,-3.703,-5.062
Oum Er-Rbia (Al Massira),2022-04-01,-3.75,-2.977,-0.773
Oum Er-Rbia (Al Massira),2022-05-01,-10.2,-4.724,-5.476
Oum Er-Rbia (Al Massira),2022-06-01,-2.575,-5.375,2.8
Oum Er-Rbia (Al Massira),2022-07-01,-4.629,-5.712,1.083
Oum Er-Rbia (Al Massira),2022-08-01,-9.396,-5.974,-3.422
Oum Er-Rbia (Al Massira),2022-09-01,-9.83,-6.14,-3.69
Oum Er-Rbia (Al Massira),2022-10-01,-8.751,-5.929,-2.822
Oum Er-Rbia (Al Massira),2022-11-01,-14.493,-6.299,-8.194
Oum Er-Rbia (Al Massira),2022-12-01,-3.183,-4.158,0.975
Oum Er-Rbia (Al Massira),2023-01-01,-5.68,-4.591,-1.089
Oum Er-Rbia (Al Massira),2023-02-01,-6.756,-4.387,-2.369
Oum Er-Rbia (Al Massira),2023-03-01,-4.051,-3.304,-0.747
Oum Er-Rbia (Al Massira),2023-04-01,-9.866,-5.11,-4.756
Oum Er-Rbia (Al Massira),2023-05-01,-11.769,-5.411,-6.358
Oum Er-Rbia (Al Massira),2023-06-01,-7.467,-5.66,-1.807
Oum Er-Rbia (Al Massira),2023-07-01,-10.753,-6.301,-4.452
Oum Er-Rbia (Al Massira),2023-08-01,-12.724,-6.507,-6.217
Oum Er-Rbia (Al Massira),2023-09-01,-6.969,-6.713,-0.256
Oum Er-Rbia (Al Massira),2023-10-01,-7.969,-6.388,-1.581
Oum Er-Rbia (Al Massira),2023-11-01,-7.699,-6.357,-1.342
Oum Er-Rbia (Al Massira),2023-12-01,-8.015,-6.399,-1.616
Oum Er-Rbia (Al Massira),2024-01-01,-17.059,-6.263,-10.796
Oum Er-Rbia (Al Massira),2024-02-01,-15.953,-5.449,-10.504
Oum Er-Rbia (Al Massira),2024-03-01,-7.112,-5.358,-1.754
Oum Er-Rbia (Al Massira),2024-04-01,-8.82,-4.971,-3.849
Oum Er-Rbia (Al Massira),2024-05-01,-6.116,-6.354,0.238
Oum Er-Rbia (Al Massira),2024-06-01,-13.525,-6.752,-6.773
Oum Er-Rbia (Al Massira),2024-07-01,-13.982,-6.968,-7.014
Oum Er-Rbia (Al Massira),2024-08-01,-9.581,-7.167,-2.414
Oum Er-Rbia (Al Massira),2024-09-01,-14.392,-7.249,-7.143
Oum Er-Rbia (Al Massira),2024-10-01,-13.791,-6.574,-7.217
Oum Er-Rbia (Al Massira),2024-11-01,-12.2,-6.372,-5.828
Oum Er-Rbia (Al Massira),2024-12-01,-8.6,-6.96,-1.64
Oum Er-Rbia (Al Massira),2025-01-01,-16.079,-6.922,-9.157
Oum Er-Rbia (Al Massira),2025-02-01,-16.79,-6.691,-10.099
Oum Er-Rbia (Al Massira),2025-03-01,-7.58,-1.581,-5.999
Oum Er-Rbia (Al Massira),2025-04-01,-14.77,-1.948,-12.822
Oum Er-Rbia (Al Massira),2025-05-01,-13.943,-4.049,-9.894
Oum Er-Rbia (Al Massira),2025-06-01,-10.906,-5.29,-5.616
Oum Er-Rbia (Al Massira),2025-07-01,-15.635,-5.942,-9.693
Oum Er-Rbia (Al Massira),2025-08-01,-24.101,-6.213,-17.888
Oum Er-Rbia (Al Massira),2025-09-01,-12.403,-6.472,-5.931
Oum Er-Rbia (Al Massira),2025-10-01,-12.09,-6.714,-5.376
Oum Er-Rbia (Al Massira),2025-11-01,-10.6,-6.046,-4.554
Oum Er-Rbia (Al Massira),2025-12-01,-11.197,-2.816,-8.381
Oum Er-Rbia (Al Massira),2026-01-01,-3.531,6.763,-10.294
Oum Er-Rbia (Al Massira),2026-02-01,-0.307,10.722,-11.029
Oum Er-Rbia (Al Massira),2026-03-01,-0.846,8.452,-9.298
Oum Er-Rbia (Al Massira),2026-04-01,-0.529,6.398,-6.927
Oum Er-Rbia (Al Massira),2026-05-01,-2.401,3.232,-5.633
Oum Er-Rbia (Al Massira),2026-06-01,-2.762,0.724,-3.486
