year,value,indicator
1961,2430.62554662883,renewable_internal_pc_m3
1962,2366.74955186821,renewable_internal_pc_m3
1963,2305.70426464651,renewable_internal_pc_m3
1964,2248.25616723801,renewable_internal_pc_m3
1965,2190.46947879138,renewable_internal_pc_m3
1966,2132.81322108852,renewable_internal_pc_m3
1967,2076.14810095091,renewable_internal_pc_m3
1968,2021.20184983181,renewable_internal_pc_m3
1969,1968.20266786478,renewable_internal_pc_m3
1970,1916.79155004257,renewable_internal_pc_m3
1971,1867.68723967097,renewable_internal_pc_m3
1972,1821.07132747057,renewable_internal_pc_m3
1973,1776.27846264202,renewable_internal_pc_m3
1974,1733.01504818798,renewable_internal_pc_m3
1975,1690.88460435574,renewable_internal_pc_m3
1976,1650.14792722643,renewable_internal_pc_m3
1977,1609.79143986186,renewable_internal_pc_m3
1978,1569.48615834979,renewable_internal_pc_m3
1979,1529.89179075364,renewable_internal_pc_m3
1980,1490.24074736498,renewable_internal_pc_m3
1981,1451.05920066352,renewable_internal_pc_m3
1982,1413.23345963742,renewable_internal_pc_m3
1983,1376.97253690002,renewable_internal_pc_m3
1984,1342.9794452828,renewable_internal_pc_m3
1985,1311.38923918306,renewable_internal_pc_m3
1986,1283.14024948583,renewable_internal_pc_m3
1987,1257.89480806954,renewable_internal_pc_m3
1988,1234.01503728172,renewable_internal_pc_m3
1989,1211.39138994797,renewable_internal_pc_m3
1990,1189.71669604515,renewable_internal_pc_m3
1991,1169.40133184327,renewable_internal_pc_m3
1992,1150.22456349771,renewable_internal_pc_m3
1993,1132.16742991669,renewable_internal_pc_m3
1994,1115.34935318583,renewable_internal_pc_m3
1995,1098.50860789451,renewable_internal_pc_m3
1996,1081.76231913727,renewable_internal_pc_m3
1997,1065.65394754785,renewable_internal_pc_m3
1998,1049.90114999655,renewable_internal_pc_m3
1999,1034.70991497218,renewable_internal_pc_m3
2000,1020.28484593787,renewable_internal_pc_m3
2001,1006.43273630008,renewable_internal_pc_m3
2002,993.213883266956,renewable_internal_pc_m3
2003,980.676778571468,renewable_internal_pc_m3
2004,968.18290564243,renewable_internal_pc_m3
2005,955.26261420988,renewable_internal_pc_m3
2006,942.440357661965,renewable_internal_pc_m3
2007,929.890489682897,renewable_internal_pc_m3
2008,917.525035066067,renewable_internal_pc_m3
2009,905.379194973035,renewable_internal_pc_m3
2010,893.214208537058,renewable_internal_pc_m3
2011,881.121837030865,renewable_internal_pc_m3
2012,869.428585450784,renewable_internal_pc_m3
2013,858.303782772665,renewable_internal_pc_m3
2014,847.834717837682,renewable_internal_pc_m3
2015,837.966517631914,renewable_internal_pc_m3
2016,828.016491918545,renewable_internal_pc_m3
2017,818.136864254054,renewable_internal_pc_m3
2018,809.157204177707,renewable_internal_pc_m3
2019,800.863872528099,renewable_internal_pc_m3
2020,792.69175377529,renewable_internal_pc_m3
2021,784.750044392498,renewable_internal_pc_m3
2022,776.874555440233,renewable_internal_pc_m3
1961,29.0,renewable_internal_total_bcm
1962,29.0,renewable_internal_total_bcm
1963,29.0,renewable_internal_total_bcm
1964,29.0,renewable_internal_total_bcm
1965,29.0,renewable_internal_total_bcm
1966,29.0,renewable_internal_total_bcm
1967,29.0,renewable_internal_total_bcm
1968,29.0,renewable_internal_total_bcm
1969,29.0,renewable_internal_total_bcm
1970,29.0,renewable_internal_total_bcm
1971,29.0,renewable_internal_total_bcm
1972,29.0,renewable_internal_total_bcm
1973,29.0,renewable_internal_total_bcm
1974,29.0,renewable_internal_total_bcm
1975,29.0,renewable_internal_total_bcm
1976,29.0,renewable_internal_total_bcm
1977,29.0,renewable_internal_total_bcm
1978,29.0,renewable_internal_total_bcm
1979,29.0,renewable_internal_total_bcm
1980,29.0,renewable_internal_total_bcm
1981,29.0,renewable_internal_total_bcm
1982,29.0,renewable_internal_total_bcm
1983,29.0,renewable_internal_total_bcm
1984,29.0,renewable_internal_total_bcm
1985,29.0,renewable_internal_total_bcm
1986,29.0,renewable_internal_total_bcm
1987,29.0,renewable_internal_total_bcm
1988,29.0,renewable_internal_total_bcm
1989,29.0,renewable_internal_total_bcm
1990,29.0,renewable_internal_total_bcm
1991,29.0,renewable_internal_total_bcm
1992,29.0,renewable_internal_total_bcm
1993,29.0,renewable_internal_total_bcm
1994,29.0,renewable_internal_total_bcm
1995,29.0,renewable_internal_total_bcm
1996,29.0,renewable_internal_total_bcm
1997,29.0,renewable_internal_total_bcm
1998,29.0,renewable_internal_total_bcm
1999,29.0,renewable_internal_total_bcm
2000,29.0,renewable_internal_total_bcm
2001,29.0,renewable_internal_total_bcm
2002,29.0,renewable_internal_total_bcm
2003,29.0,renewable_internal_total_bcm
2004,29.0,renewable_internal_total_bcm
2005,29.0,renewable_internal_total_bcm
2006,29.0,renewable_internal_total_bcm
2007,29.0,renewable_internal_total_bcm
2008,29.0,renewable_internal_total_bcm
2009,29.0,renewable_internal_total_bcm
2010,29.0,renewable_internal_total_bcm
2011,29.0,renewable_internal_total_bcm
2012,29.0,renewable_internal_total_bcm
2013,29.0,renewable_internal_total_bcm
2014,29.0,renewable_internal_total_bcm
2015,29.0,renewable_internal_total_bcm
2016,29.0,renewable_internal_total_bcm
2017,29.0,renewable_internal_total_bcm
2018,29.0,renewable_internal_total_bcm
2019,29.0,renewable_internal_total_bcm
2020,29.0,renewable_internal_total_bcm
2021,29.0,renewable_internal_total_bcm
2022,29.0,renewable_internal_total_bcm
1975,31.0344827586207,withdrawal_pct_internal
1976,31.7586206896552,withdrawal_pct_internal
1977,32.4827586206897,withdrawal_pct_internal
1978,33.2068965517241,withdrawal_pct_internal
1979,33.9310344827586,withdrawal_pct_internal
1980,34.6551724137931,withdrawal_pct_internal
1981,35.3103448275862,withdrawal_pct_internal
1982,35.9655172413793,withdrawal_pct_internal
1983,36.6206896551724,withdrawal_pct_internal
1984,37.2758620689655,withdrawal_pct_internal
1985,37.9310344827586,withdrawal_pct_internal
1986,37.2275862068966,withdrawal_pct_internal
1987,36.5241379310345,withdrawal_pct_internal
1988,35.8206896551724,withdrawal_pct_internal
1989,35.1172413793103,withdrawal_pct_internal
1990,34.4020689655172,withdrawal_pct_internal
1991,36.238275862069,withdrawal_pct_internal
1992,38.0744827586207,withdrawal_pct_internal
1993,38.0503448275862,withdrawal_pct_internal
1994,38.5744827586207,withdrawal_pct_internal
1995,38.8158620689655,withdrawal_pct_internal
1996,39.0899310344828,withdrawal_pct_internal
1997,40.1795172413793,withdrawal_pct_internal
1998,41.2691034482759,withdrawal_pct_internal
1999,42.3586896551724,withdrawal_pct_internal
2000,43.448275862069,withdrawal_pct_internal
2001,47.2637931034483,withdrawal_pct_internal
2002,51.0793103448276,withdrawal_pct_internal
2003,49.251724137931,withdrawal_pct_internal
2004,47.4241379310345,withdrawal_pct_internal
2005,45.5965517241379,withdrawal_pct_internal
2006,43.7689655172414,withdrawal_pct_internal
2007,41.9413793103448,withdrawal_pct_internal
2008,40.1137931034483,withdrawal_pct_internal
2009,38.2862068965517,withdrawal_pct_internal
2010,36.4586206896552,withdrawal_pct_internal
2011,36.4586206896552,withdrawal_pct_internal
2012,36.4586206896552,withdrawal_pct_internal
2013,36.4586206896552,withdrawal_pct_internal
2014,36.4586206896552,withdrawal_pct_internal
2015,36.4586206896552,withdrawal_pct_internal
2016,36.4586206896552,withdrawal_pct_internal
2017,36.4586206896552,withdrawal_pct_internal
2018,36.4586206896552,withdrawal_pct_internal
2019,36.4586206896552,withdrawal_pct_internal
2020,36.4586206896552,withdrawal_pct_internal
2021,36.4586206896552,withdrawal_pct_internal
2022,36.4586206896552,withdrawal_pct_internal
1990,89.15831663,withdrawal_agriculture_pct
1991,90.73959572,withdrawal_agriculture_pct
1992,92.16840199,withdrawal_agriculture_pct
1993,91.33448088,withdrawal_agriculture_pct
1994,89.21358356,withdrawal_agriculture_pct
1995,87.77975133,withdrawal_agriculture_pct
1996,89.14481226,withdrawal_agriculture_pct
1997,88.65478815,withdrawal_agriculture_pct
1998,88.19068618,withdrawal_agriculture_pct
1999,87.75050243,withdrawal_agriculture_pct
2000,87.31165741,withdrawal_agriculture_pct
2001,80.4434234,withdrawal_agriculture_pct
2002,74.58153348,withdrawal_agriculture_pct
2003,75.7873895,withdrawal_agriculture_pct
2004,77.08959711,withdrawal_agriculture_pct
2005,78.50018506,withdrawal_agriculture_pct
2006,80.03327128,withdrawal_agriculture_pct
2007,81.7055371,withdrawal_agriculture_pct
2008,83.53683663,withdrawal_agriculture_pct
2009,85.55098881,withdrawal_agriculture_pct
2010,87.7768191,withdrawal_agriculture_pct
2011,87.7768191,withdrawal_agriculture_pct
2012,87.7768191,withdrawal_agriculture_pct
2013,87.7768191,withdrawal_agriculture_pct
2014,87.7768191,withdrawal_agriculture_pct
2015,87.7768191,withdrawal_agriculture_pct
2016,87.7768191,withdrawal_agriculture_pct
2017,87.7768191,withdrawal_agriculture_pct
2018,87.7768191,withdrawal_agriculture_pct
2019,87.7768191,withdrawal_agriculture_pct
2020,87.7768191,withdrawal_agriculture_pct
2021,87.7768191,withdrawal_agriculture_pct
2022,87.7768191,withdrawal_agriculture_pct
1960,11624933.0,population
1961,11931085.0,population
1962,12253092.0,population
1963,12577502.0,population
1964,12898886.0,population
1965,13239171.0,population
1966,13597065.0,population
1967,13968175.0,population
1968,14347899.0,population
1969,14734255.0,population
1970,15129449.0,population
1971,15527225.0,population
1972,15924692.0,population
1973,16326269.0,population
1974,16733842.0,population
1975,17150786.0,population
1976,17574182.0,population
1977,18014756.0,population
1978,18477385.0,population
1979,18955589.0,population
1980,19459943.0,population
1981,19985401.0,population
1982,20520318.0,population
1983,21060696.0,population
1984,21593778.0,population
1985,22113953.0,population
1986,22600803.0,population
1987,23054392.0,population
1988,23500524.0,population
1989,23939414.0,population
1990,24375551.0,population
1991,24799014.0,population
1992,25212468.0,population
1993,25614586.0,population
1994,26000822.0,population
1995,26399429.0,population
1996,26808107.0,population
1997,27213337.0,population
1998,27621648.0,population
1999,28027179.0,population
2000,28423435.0,population
2001,28814643.0,population
2002,29198142.0,population
2003,29571415.0,population
2004,29953018.0,population
2005,30358144.0,population
2006,30771178.0,population
2007,31186468.0,population
2008,31606767.0,population
2009,32030778.0,population
2010,32467016.0,population
2011,32912588.0,population
2012,33355241.0,population
2013,33787571.0,population
2014,34204780.0,population
2015,34607588.0,population
2016,35023457.0,population
2017,35446392.0,population
2018,35839760.0,population
2019,36210898.0,population
2020,36584208.0,population
2021,36954442.0,population
2022,37329064.0,population
2023,37712505.0,population
2024,38081173.0,population
2025,38430770.0,population
